skillset,level,keyword
Python,Beginner,"Variables, Loops, Functions, Lists, Strings, Conditionals, Dictionaries, File Handling, Modules, Error Handling"
Python,Intermediate,"Classes and Objects, File I/O, Regular Expressions, Decorators, Generators, Unit Testing, Exception Handling, Multithreading, JSON, Virtual Environments"
Python,Expert,"Metaclasses, Context Managers, Closures, Reflection, Descriptors, Decorators with Arguments, Packaging and Distribution, Profiling and Optimization, Concurrency, Design Patterns"
Python,Conversant,"Decorators with Multiple Layers, Abstract Base Classes, Asyncio, Metaprogramming, Multiprocessing, Profiling Memory Usage, Python Extensions (C/C++ Integration), Web Frameworks (e.g., Django, Flask), Web Scraping, Data Serialization"
Data Science,Beginner,"Data Analysis, Python Programming, SQL, Data Cleaning, Exploratory Data Analysis (EDA), Machine Learning, Data Visualization, Probability and Statistics, Data Wrangling, Supervised Learning"
Data Science,Intermediate,"Advanced Python, Feature Selection, Unsupervised Learning, Model Evaluation, Time Series Analysis, Natural Language Processing (NLP), Model Deployment, Deep Learning, A/B Testing, Data Ethics and Privacy"
Data Science,Expert,"Advanced Statistics, Ensemble Methods, Reinforcement Learning, Large-Scale Data Processing, Deep Learning Architectures, Optimization, Recommender Systems, Neural Network Architectures, Time Series Forecasting, Causal Inference"
Data Science,Conversant,"Data Governance, Cloud Computing, Scalability and Performance Optimization, Data Engineering, Data Security, DevOps, Model Interpretability, Advanced Data Visualization, Advanced NLP, Time Series Anomaly Detection"
Web Development,Beginner,"HTML, CSS, JavaScript, Responsive Design, Git, Command Line, Basic Design Principles, Browser Developer Tools, DOM Manipulation, Basic HTTP"
Web Development,Intermediate,"CSS Frameworks (e.g., Bootstrap), JavaScript Libraries (e.g., jQuery), Front-End Frameworks (e.g., React, Angular, Vue.js), Version Control (e.g., Git), Server-Side Programming (e.g., Node.js, PHP), RESTful APIs, Database Integration (e.g., MySQL, MongoDB), Web Performance Optimization, Browser Compatibility"
Web Development,Expert,"Advanced JavaScript Concepts (e.g., Closures, Prototypes), MVC/MVVM Architectures, Server-Side Frameworks (e.g., Express, Django, Ruby on Rails), Security Best Practices, Authentication and Authorization, Testing and Debugging, Performance Tuning, DevOps and Deployment, Scalability and Load Balancing, Continuous Integration/Continuous Deployment (CI/CD)"
Web Development,Conversant,"Progressive Web Apps (PWA), Single-Page Applications (SPA), Microservices Architecture, GraphQL, WebSockets, Cloud Computing and Serverless Architecture, Web Accessibility, SEO and Metadata, Web Analytics and Tracking, Content Management Systems (CMS)"
Java/J2EE,Beginner,"Java Basics, Object-Oriented Programming (OOP), Java Syntax, Control Flow, Data Types, Classes and Objects, Methods, Inheritance, Exception Handling, File I/O"
Java/J2EE,Intermediate,"Java Collections Framework, Generics, Multithreading, JDBC (Java Database Connectivity), Servlets, JSP (JavaServer Pages), JavaBeans, MVC Architecture, XML Parsing, JSON Processing"
Java/J2EE,Expert,"Java Reflection, Java Networking, Design Patterns, Java Concurrency, ORM (Object-Relational Mapping) frameworks (e.g., Hibernate), Spring Framework, Web Services (SOAP, REST), JPA (Java Persistence API), Java Security, Unit Testing (e.g., JUnit)"
Java/J2EE,Conversant,"Java EE (Enterprise Edition), EJB (Enterprise JavaBeans), Java Messaging Service (JMS), JNDI (Java Naming and Directory Interface), Java Web Frameworks (e.g., JSF, Struts, Spring MVC), Java Performance Tuning, Java Application Servers (e.g., Tomcat, WebLogic, JBoss), Web Services Security, Java Batch Processing, Java Microservices"
 Testing,Beginner,"Software Testing Basics, Test Case Design, Test Execution, Test Documentation, Bug Reporting, Manual Testing, Regression Testing, Test Environment Setup, Functional Testing, Black Box Testing"
 Testing,Intermediate,"Test Automation, Test Frameworks (e.g., Selenium, Appium), Test Planning, Test Strategy, Test Management Tools, Test Data Preparation, Test Coverage Analysis, Performance Testing, API Testing, White Box Testing"
 Testing,Expert,"Test Driven Development (TDD), Behavior Driven Development (BDD), Continuous Integration/Continuous Testing, Test Automation Framework Design, Load Testing, Security Testing, Test Metrics and Reporting, Exploratory Testing, Test Environment Management, Test Automation for Mobile and Web"
 Testing,Conversant,"Test Automation for Complex Systems, Test Data Management, Test Execution in Cloud Environments, Test Infrastructure Orchestration, Test Automation for IoT, Test Automation for Microservices, DevOps Testing, AI-Powered Testing, Test Environment Virtualization, Test Automation for AI/ML Systems"
UI/UX,Beginner,"User Interface (UI) Design Principles, User Experience (UX) Basics, Wireframing, Prototyping, Visual Design Fundamentals, Typography, Color Theory, Responsive Design, Design Tools (e.g., Sketch, Figma), Usability Testing"
UI/UX,Intermediate,"User Research, Information Architecture, Interaction Design, User Persona Creation, User Flow Design, Design Systems, User Interface Patterns, Microinteractions, Design Thinking, User Testing and Feedback"
UI/UX,Expert,"User-Centered Design, User Journey Mapping, Usability Heuristics, Accessibility Design, Motion Design, A/B Testing, User Data Analysis, Conversion Rate Optimization (CRO), UX Writing, Advanced Prototyping"
UI/UX,Conversant,"User Experience Strategy, Design Leadership, Ethnographic Research, Cognitive Psychology, User Behavior Analytics, Multichannel User Experience, Data-Driven Design, UX for Artificial Intelligence (AI) Systems, UX for Virtual Reality (VR) and Augmented Reality (AR) Applications, UX for Voice User Interfaces (VUI)"
System Design,Beginner,"System Design Basics, Client-Server Architecture, Database Design, RESTful APIs, Caching, Load Balancing, Scalability, High Availability, Security Fundamentals, Performance Optimization"
System Design,Intermediate,"Distributed Systems, Message Queues, Data Partitioning, Replication, Consistency Models, Microservices Architecture, Service-Oriented Architecture (SOA), Database Sharding, Content Delivery Networks (CDN), Fault Tolerance"
System Design,Expert,"CAP Theorem, Event-driven Architecture, Stream Processing, Distributed File Systems, Database Scaling Techniques, Containerization (e.g., Docker, Kubernetes), Real-time Data Processing, Big Data Technologies (e.g., Hadoop, Spark), Infrastructure as Code (IaC), Cloud Computing Services (e.g., AWS, Azure)"
System Design,Conversant,"Data Consistency in Distributed Systems, Blockchain Technology, Serverless Architecture, Machine Learning in System Design, IoT System Design, Edge Computing, Data Replication Strategies, Disaster Recovery Planning, System Performance Monitoring and Optimization, Security at Scale"
Computer Architecture,Beginner,"Central Processing Unit (CPU), Memory (RAM), Input/Output (I/O), Von Neumann Architecture, Binary Number System, Instruction Set Architecture (ISA), Assembly Language, Computer Organization, Logic Gates, Registers"
Computer Architecture,Intermediate,"Cache Memory, Pipelining, Instruction-Level Parallelism, Memory Hierarchy, Virtual Memory, Bus Architecture, Interrupts and Exceptions, Multiprocessor Systems, Memory Management Units (MMU), Addressing Modes"
Computer Architecture,Expert,"Superscalar Processors, Out-of-Order Execution, Branch Prediction, Caches and Cache Coherence, Vector Processing, Instruction-Level Parallelism Optimization, Advanced Pipelining Techniques, SIMD (Single Instruction Multiple Data), Memory Interleaving, Cache Replacement Policies"
Computer Architecture,Conversant,"Multi-Core Processors, Thread-Level Parallelism, Speculative Execution, Transactional Memory, Memory Consistency Models, Hardware Accelerators (e.g., GPUs, FPGAs), Power Optimization Techniques, Computer Architecture for AI/ML Workloads, Quantum Computing Architecture, Advanced Memory Technologies (e.g., Non-Volatile Memory)"
Embedded Programming,Beginner,"C Programming for Embedded Systems, Microcontrollers, GPIO (General Purpose Input/Output), Embedded Development Tools (e.g., IDEs, Debuggers), Interrupt Handling, Embedded Systems Basics, Memory Management, Timers and Counters, Serial Communication (UART, SPI, I2C)"
Embedded Programming,Intermediate,"Device Drivers, Real-Time Operating Systems (RTOS), Interfacing with Peripherals (e.g., ADC, PWM, GPIO), Memory Mapped I/O, Embedded Software Development Lifecycle, Embedded Communication Protocols (e.g., CAN, Ethernet), Low-Power Optimization Techniques, Hardware Abstraction Layer (HAL), Bootloaders, Firmware Updates"
Embedded Programming,Expert,"Bare-Metal Programming, Interrupt Service Routines (ISRs), Embedded Linux, ARM Cortex-M Architecture, Embedded Security, Code Optimization for Size and Speed, Multi-threading and Synchronization, DMA (Direct Memory Access), Embedded System Testing and Debugging, Wireless Communication (e.g., Bluetooth, Wi-Fi)"
Embedded Programming,Conversant,"FPGA-based Embedded Systems, Real-Time Signal Processing, Sensor Integration, Human-Machine Interface (HMI), Industrial Automation, Automotive Embedded Systems, Internet of Things (IoT) Devices, Safety-Critical Systems, Embedded System Performance Analysis, Embedded System Integration and Validation"
Blockchain engineering,Beginner,"Blockchain Basics, Cryptocurrency Fundamentals, Distributed Ledger Technology, Consensus Algorithms, Hash Functions, Public and Private Key Cryptography, Smart Contracts, Blockchain Networks (e.g., Bitcoin, Ethereum), Blockchain Wallets, Blockchain Transactions"
Blockchain engineering,Intermediate,"Blockchain Development Tools (e.g., Solidity, Truffle), Ethereum Virtual Machine (EVM), Token Standards (e.g., ERC-20, ERC-721), Web3.js, Decentralized Applications (DApps), Blockchain Security Best Practices, Permissioned Blockchains, Privacy and Confidentiality in Blockchain, Blockchain Governance, Blockchain Interoperability"
Blockchain engineering,Expert,"Advanced Smart Contract Development, Consensus Protocol Design, Scalability Solutions (e.g., Sharding, Sidechains), Off-chain Data Storage and Oracles, Zero-Knowledge Proofs, Cryptoeconomics, Blockchain Performance Optimization, Blockchain Auditing and Compliance, Blockchain Integration with Enterprise Systems, Blockchain Standards and Regulation"
Blockchain engineering,Conversant,"Layer 2 Solutions (e.g., Lightning Network, Plasma), Interoperable Blockchain Networks, Cross-Chain Communication, Blockchain Infrastructure (e.g., Nodes, Validators), Blockchain Analytics and Monitoring, Blockchain Identity and Authentication, Blockchain in Supply Chain Management, Blockchain in Finance and Payments, Blockchain in Healthcare, Blockchain in Energy and Sustainability"
Automation,Beginner,"Automation Basics, Scripting (e.g., Python, Bash), Task Scheduling, Command Line Tools, Basic Robotics, Excel Macros, Workflow Automation, Basic Test Automation, Process Automation, Automation Tools (e.g., Ansible, Puppet)"
Automation,Intermediate,"Advanced Scripting and Automation Languages, Configuration Management (e.g., Chef, SaltStack), Continuous Integration/Continuous Delivery (CI/CD), Infrastructure Automation, Test Frameworks (e.g., Selenium, Appium), API Automation, Version Control Systems, Containerization (e.g., Docker), Monitoring and Alerting Automation"
Automation,Expert,"DevOps Automation, Orchestration Tools (e.g., Kubernetes, Apache Airflow), Event-Driven Automation, Machine Learning for Automation, AI-powered Automation, Robotic Process Automation (RPA), Performance Testing Automation, Security Automation, Data Pipelines and ETL Automation, Network Automation"
Automation,Conversant,"Intelligent Process Automation, Cognitive Automation, Chatbot Automation, Autonomous Systems, Automation in Cloud Environments, Automation in IoT, Business Process Automation (BPA), Natural Language Processing (NLP) for Automation, Automation in Finance and Accounting, Automation Governance and Compliance"
.NET/C#,Beginner,"C# Programming Basics, .NET Framework, Visual Studio IDE, Variables and Data Types, Control Flow (if-else, loops), Object-Oriented Programming (OOP) Concepts, Exception Handling, File I/O, Basic LINQ (Language-Integrated Query), Basic SQL with ADO.NET"
.NET/C#,Intermediate,"Advanced C# Concepts (Generics, Delegates, Events), .NET Core, ASP.NET MVC, Entity Framework, Database Access with ADO.NET, Web API Development, Unit Testing with NUnit or MSTest, LINQ to Objects, Advanced OOP (Inheritance, Polymorphism), Multithreading"
.NET/C#,Expert,"Advanced .NET Framework Features, Advanced LINQ (LINQ to SQL, LINQ to XML), Design Patterns (e.g., Singleton, Factory), Dependency Injection (DI) and Inversion of Control (IoC), Performance Optimization Techniques, Advanced ASP.NET MVC, Web Services (SOAP, REST), Security in .NET, Advanced Database Access (ORMs), Application Logging and Error Handling"
.NET/C#,Conversant,"NET Core Web Development, Microservices Architecture with .NET, Cloud Computing with Azure, Distributed Systems with Service Bus, .NET Core Identity and Authentication, ASP.NET WebHooks, Real-Time Applications with SignalR, Machine Learning with ML.NET, IoT Development with .NET, .NET Code Analysis and Quality Assurance"
C++,Beginner,"C++ Basics, Variables and Data Types, Control Flow (if-else, loops), Functions, Pointers, Arrays, Object-Oriented Programming (OOP) Concepts, Memory Management, Input/Output (I/O) Streams, Standard Template Library (STL)"
C++,Intermediate,"C++ Classes and Objects, Inheritance and Polymorphism, Templates, Exception Handling, File Handling, Dynamic Memory Allocation, Standard Library Algorithms, Standard Library Containers, Smart Pointers, Namespaces"
C++,Expert,"Advanced C++ Features (e.g., Move Semantics, Lambda Functions), STL Containers and Algorithms, Operator Overloading, Multiple Inheritance, Advanced Memory Management, Type Traits and Metaprogramming, Advanced Template Programming, Multithreading with C++, Boost Library, C++ Standard Library Extensions (e.g., filesystem, chrono)"
C++,Conversant,"Advanced C++ Design Patterns, Template Metaprogramming, C++ Networking (e.g., Boost.Asio), C++11/14/17/20 Features, Parallel Programming with C++ (e.g., OpenMP), C++ Unit Testing Frameworks (e.g., Google Test), C++ Performance Optimization Techniques, C++ Interoperability with other Languages (e.g., C, Python), Embedded C++ Development, High-Performance Computing with C++"
